top_label	is_cell_line	is_bulk_sorted	is_control	adjacent_normal	barrett_grade	tissue_origin	run_accession	Experiment	SampleName	BioSample	SRAStudy	BioProject	study_accession	secondary_study_accession	experiment_accession	sample_accession	secondary_sample_accession	LibraryLayout	LibraryStrategy	LibrarySource	Platform	Model	instrument_model	library_layout	library_strategy	library_source	read_count	base_count	first_public	last_updated	age	altitude	cell_line	cell_type	disease	environment_biome	host	host_body_site	isolate	location	sex	strain	temperature	tissue_type	sampling_site	experimental_factor	broker_name	center_name	experiment_title	library_name	library_selection	scientific_name	collection_date	study_title	sample_title	submitted_ftp	fastq_ftp	dev_stage	environment_feature	environment_material	environmental_medium	environmental_sample	host_genotype	host_phenotype	ReleaseDate	LoadDate	spots	bases	spots_with_mates	avgLength	size_MB	AssemblyName	download_path	LibraryName	LibrarySelection	InsertSize	InsertDev	Study_Pubmed_id	ProjectID	Sample	SampleType	TaxID	ScientificName	g1k_pop_code	source	g1k_analysis_group	Subject_ID	Sex	Disease	Tumor	Affection_Status	Analyte_Type	Histological_Type	Body_Site	CenterName	Submission	dbgap_study_accession	Consent	RunHash	ReadHash
Tumor	no	no	no	no	unknown	esophagus	SRR27477615	SRX23149108	RNASeq_Human_JK050	SAMN39328787	SRP482838	PRJNA1063201	PRJNA1063201	SRP482838	SRX23149108	SAMN39328787	SRS20099742	PAIRED	RNA-Seq	TRANSCRIPTOMIC	ILLUMINA	Illumina NovaSeq 6000	Illumina NovaSeq 6000	PAIRED	RNA-Seq	TRANSCRIPTOMIC	14183045	2796282785	2024-01-11	2024-01-11									JK050		female			esophagus				SUB14144474	Illumina NovaSeq 6000 sequencing: RNA-Seq of Homo sapiens: esophagus	"=CONCATENATE(""211104_JULIAN_JULIAN_144_HUMAN_RNA_STRDPOLYA_20M_PE100_NOVASEQ_"", RIGHT(A49, 5))"	PolyA	Homo sapiens	2019-02-08	Shifts in Serum Bile Acid Profiles Associated with Barretts Esophagus and Stages of Progression to Esophageal Adenocarcinoma	JK050		ftp.sra.ebi.ac.uk/vol1/fastq/SRR274/015/SRR27477615/SRR27477615_1.fastq.gz;ftp.sra.ebi.ac.uk/vol1/fastq/SRR274/015/SRR27477615/SRR27477615_2.fastq.gz								2024-01-10 12:32:55	2024-01-10 12:02:53	14183045.0	2796282785.0	14183045.0	197.0	903.0		https://sra-downloadb.be-md.ncbi.nlm.nih.gov/sos9/sra-pub-zq-922/SRR027/27477/SRR27477615/SRR27477615.lite.1	"=CONCATENATE(""211104_JULIAN_JULIAN_144_HUMAN_RNA_STRDPOLYA_20M_PE100_NOVASEQ_"", RIGHT(A49, 5))"	PolyA	0.0	0.0		1063201.0	SRS20099742	simple	9606.0	Homo sapiens					female		no					CHILDREN'S HOSPITAL OF PHILADELPHIA	SRA1782421		public	24787AEA3C1DE67FAFAB19E203E9F5B8	C9E5C4F0BEEFF82773E3EE3F460029CD
Tumor	no	no	no	no	unknown	esophagus	SRR27477616						PRJNA1063201	SRP482838	SRX23149107	SAMN39328786	SRS20099741						Illumina NovaSeq 6000	PAIRED	RNA-Seq	TRANSCRIPTOMIC	19162079	3822592294	2024-01-11	2024-01-11									JK049		male			esophagus				SUB14144474	Illumina NovaSeq 6000 sequencing: RNA-Seq of Homo sapiens: esophagus	"=CONCATENATE(""211104_JULIAN_JULIAN_144_HUMAN_RNA_STRDPOLYA_20M_PE100_NOVASEQ_"", RIGHT(A48, 5))"	PolyA	Homo sapiens	2019-02-06	Shifts in Serum Bile Acid Profiles Associated with Barretts Esophagus and Stages of Progression to Esophageal Adenocarcinoma	JK049		ftp.sra.ebi.ac.uk/vol1/fastq/SRR274/016/SRR27477616/SRR27477616_1.fastq.gz;ftp.sra.ebi.ac.uk/vol1/fastq/SRR274/016/SRR27477616/SRR27477616_2.fastq.gz																																											
Tumor	no	no	no	no	unknown	esophagus	SRR27477617						PRJNA1063201	SRP482838	SRX23149106	SAMN39328785	SRS20099740						Illumina NovaSeq 6000	PAIRED	RNA-Seq	TRANSCRIPTOMIC	14688607	2928103104	2024-01-11	2024-01-11									JK048		female			esophagus				SUB14144474	Illumina NovaSeq 6000 sequencing: RNA-Seq of Homo sapiens: esophagus	"=CONCATENATE(""211104_JULIAN_JULIAN_144_HUMAN_RNA_STRDPOLYA_20M_PE100_NOVASEQ_"", RIGHT(A47, 5))"	PolyA	Homo sapiens	2019-01-24	Shifts in Serum Bile Acid Profiles Associated with Barretts Esophagus and Stages of Progression to Esophageal Adenocarcinoma	JK048		ftp.sra.ebi.ac.uk/vol1/fastq/SRR274/017/SRR27477617/SRR27477617_1.fastq.gz;ftp.sra.ebi.ac.uk/vol1/fastq/SRR274/017/SRR27477617/SRR27477617_2.fastq.gz																																											
Tumor	no	no	no	no	unknown	esophagus	SRR27477618						PRJNA1063201	SRP482838	SRX23149105	SAMN39328784	SRS20099739						Illumina NovaSeq 6000	PAIRED	RNA-Seq	TRANSCRIPTOMIC	13231105	2567536935	2024-01-11	2024-01-11									JK047		female			esophagus				SUB14144474	Illumina NovaSeq 6000 sequencing: RNA-Seq of Homo sapiens: esophagus	"=CONCATENATE(""211104_JULIAN_JULIAN_144_HUMAN_RNA_STRDPOLYA_20M_PE100_NOVASEQ_"", RIGHT(A46, 5))"	PolyA	Homo sapiens	2019-01-15	Shifts in Serum Bile Acid Profiles Associated with Barretts Esophagus and Stages of Progression to Esophageal Adenocarcinoma	JK047		ftp.sra.ebi.ac.uk/vol1/fastq/SRR274/018/SRR27477618/SRR27477618_1.fastq.gz;ftp.sra.ebi.ac.uk/vol1/fastq/SRR274/018/SRR27477618/SRR27477618_2.fastq.gz																																											
Tumor	no	no	no	no	unknown	esophagus	SRR27477619						PRJNA1063201	SRP482838	SRX23149104	SAMN39328783	SRS20099738						Illumina NovaSeq 6000	PAIRED	RNA-Seq	TRANSCRIPTOMIC	16307116	3252947890	2024-01-11	2024-01-11									JK046		male			esophagus				SUB14144474	Illumina NovaSeq 6000 sequencing: RNA-Seq of Homo sapiens: esophagus	"=CONCATENATE(""211104_JULIAN_JULIAN_144_HUMAN_RNA_STRDPOLYA_20M_PE100_NOVASEQ_"", RIGHT(A45, 5))"	PolyA	Homo sapiens	2019-01-14	Shifts in Serum Bile Acid Profiles Associated with Barretts Esophagus and Stages of Progression to Esophageal Adenocarcinoma	JK046		ftp.sra.ebi.ac.uk/vol1/fastq/SRR274/019/SRR27477619/SRR27477619_1.fastq.gz;ftp.sra.ebi.ac.uk/vol1/fastq/SRR274/019/SRR27477619/SRR27477619_2.fastq.gz																																											
Tumor	no	no	no	no	unknown	esophagus	SRR27477620						PRJNA1063201	SRP482838	SRX23149103	SAMN39328782	SRS20099737						Illumina NovaSeq 6000	PAIRED	RNA-Seq	TRANSCRIPTOMIC	11827343	2354566114	2024-01-11	2024-01-11									JK045		male			esophagus				SUB14144474	Illumina NovaSeq 6000 sequencing: RNA-Seq of Homo sapiens: esophagus	"=CONCATENATE(""211104_JULIAN_JULIAN_144_HUMAN_RNA_STRDPOLYA_20M_PE100_NOVASEQ_"", RIGHT(A44, 5))"	PolyA	Homo sapiens	2019-01-11	Shifts in Serum Bile Acid Profiles Associated with Barretts Esophagus and Stages of Progression to Esophageal Adenocarcinoma	JK045		ftp.sra.ebi.ac.uk/vol1/fastq/SRR274/020/SRR27477620/SRR27477620_1.fastq.gz;ftp.sra.ebi.ac.uk/vol1/fastq/SRR274/020/SRR27477620/SRR27477620_2.fastq.gz																																											
Tumor	no	no	no	no	unknown	esophagus	SRR27477621						PRJNA1063201	SRP482838	SRX23149102	SAMN39328781	SRS20099735						Illumina NovaSeq 6000	PAIRED	RNA-Seq	TRANSCRIPTOMIC	17194292	3427451512	2024-01-11	2024-01-11									JK044		female			esophagus				SUB14144474	Illumina NovaSeq 6000 sequencing: RNA-Seq of Homo sapiens: esophagus	"=CONCATENATE(""211104_JULIAN_JULIAN_144_HUMAN_RNA_STRDPOLYA_20M_PE100_NOVASEQ_"", RIGHT(A43, 5))"	PolyA	Homo sapiens	2019-01-07	Shifts in Serum Bile Acid Profiles Associated with Barretts Esophagus and Stages of Progression to Esophageal Adenocarcinoma	JK044		ftp.sra.ebi.ac.uk/vol1/fastq/SRR274/021/SRR27477621/SRR27477621_1.fastq.gz;ftp.sra.ebi.ac.uk/vol1/fastq/SRR274/021/SRR27477621/SRR27477621_2.fastq.gz																																											
Tumor	no	no	no	no	unknown	esophagus	SRR27477622						PRJNA1063201	SRP482838	SRX23149101	SAMN39328780	SRS20099736						Illumina NovaSeq 6000	PAIRED	RNA-Seq	TRANSCRIPTOMIC	17441195	3478879258	2024-01-11	2024-01-11									JK043		female			esophagus				SUB14144474	Illumina NovaSeq 6000 sequencing: RNA-Seq of Homo sapiens: esophagus	"=CONCATENATE(""211104_JULIAN_JULIAN_144_HUMAN_RNA_STRDPOLYA_20M_PE100_NOVASEQ_"", RIGHT(A42, 5))"	PolyA	Homo sapiens	2019-01-03	Shifts in Serum Bile Acid Profiles Associated with Barretts Esophagus and Stages of Progression to Esophageal Adenocarcinoma	JK043		ftp.sra.ebi.ac.uk/vol1/fastq/SRR274/022/SRR27477622/SRR27477622_1.fastq.gz;ftp.sra.ebi.ac.uk/vol1/fastq/SRR274/022/SRR27477622/SRR27477622_2.fastq.gz																																											
Tumor	no	no	no	no	unknown	esophagus	SRR27477623						PRJNA1063201	SRP482838	SRX23149100	SAMN39328744	SRS20099734						Illumina NovaSeq 6000	PAIRED	RNA-Seq	TRANSCRIPTOMIC	21115071	4209671220	2024-01-11	2024-01-11									JK005		female			esophagus				SUB14144474	Illumina NovaSeq 6000 sequencing: RNA-Seq of Homo sapiens: esophagus	"=CONCATENATE(""211104_JULIAN_JULIAN_144_HUMAN_RNA_STRDPOLYA_20M_PE100_NOVASEQ_"", RIGHT(A6, 5))"	PolyA	Homo sapiens	2018-05-15	Shifts in Serum Bile Acid Profiles Associated with Barretts Esophagus and Stages of Progression to Esophageal Adenocarcinoma	JK005		ftp.sra.ebi.ac.uk/vol1/fastq/SRR274/023/SRR27477623/SRR27477623_1.fastq.gz;ftp.sra.ebi.ac.uk/vol1/fastq/SRR274/023/SRR27477623/SRR27477623_2.fastq.gz																																											
Tumor	no	no	no	no	unknown	esophagus	SRR27477624						PRJNA1063201	SRP482838	SRX23149099	SAMN39328779	SRS20099733						Illumina NovaSeq 6000	PAIRED	RNA-Seq	TRANSCRIPTOMIC	18142197	3612893149	2024-01-11	2024-01-11									JK042		female			esophagus				SUB14144474	Illumina NovaSeq 6000 sequencing: RNA-Seq of Homo sapiens: esophagus	"=CONCATENATE(""211104_JULIAN_JULIAN_144_HUMAN_RNA_STRDPOLYA_20M_PE100_NOVASEQ_"", RIGHT(A41, 5))"	PolyA	Homo sapiens	2019-01-02	Shifts in Serum Bile Acid Profiles Associated with Barretts Esophagus and Stages of Progression to Esophageal Adenocarcinoma	JK042		ftp.sra.ebi.ac.uk/vol1/fastq/SRR274/024/SRR27477624/SRR27477624_1.fastq.gz;ftp.sra.ebi.ac.uk/vol1/fastq/SRR274/024/SRR27477624/SRR27477624_2.fastq.gz																																											
Tumor	no	no	no	no	unknown	esophagus	SRR27477625						PRJNA1063201	SRP482838	SRX23149098	SAMN39328778	SRS20099732						Illumina NovaSeq 6000	PAIRED	RNA-Seq	TRANSCRIPTOMIC	19893061	3961270095	2024-01-11	2024-01-11									JK041		male			esophagus				SUB14144474	Illumina NovaSeq 6000 sequencing: RNA-Seq of Homo sapiens: esophagus	"=CONCATENATE(""211104_JULIAN_JULIAN_144_HUMAN_RNA_STRDPOLYA_20M_PE100_NOVASEQ_"", RIGHT(A40, 5))"	PolyA	Homo sapiens	2018-12-20	Shifts in Serum Bile Acid Profiles Associated with Barretts Esophagus and Stages of Progression to Esophageal Adenocarcinoma	JK041		ftp.sra.ebi.ac.uk/vol1/fastq/SRR274/025/SRR27477625/SRR27477625_1.fastq.gz;ftp.sra.ebi.ac.uk/vol1/fastq/SRR274/025/SRR27477625/SRR27477625_2.fastq.gz																																											
Tumor	no	no	no	no	unknown	esophagus	SRR27477626						PRJNA1063201	SRP482838	SRX23149097	SAMN39328777	SRS20099731						Illumina NovaSeq 6000	PAIRED	RNA-Seq	TRANSCRIPTOMIC	16779094	3329793350	2024-01-11	2024-01-11									JK040		female			esophagus				SUB14144474	Illumina NovaSeq 6000 sequencing: RNA-Seq of Homo sapiens: esophagus	"=CONCATENATE(""211104_JULIAN_JULIAN_144_HUMAN_RNA_STRDPOLYA_20M_PE100_NOVASEQ_"", RIGHT(A39, 5))"	PolyA	Homo sapiens	2018-12-12	Shifts in Serum Bile Acid Profiles Associated with Barretts Esophagus and Stages of Progression to Esophageal Adenocarcinoma	JK040		ftp.sra.ebi.ac.uk/vol1/fastq/SRR274/026/SRR27477626/SRR27477626_1.fastq.gz;ftp.sra.ebi.ac.uk/vol1/fastq/SRR274/026/SRR27477626/SRR27477626_2.fastq.gz																																											
Tumor	no	no	no	no	unknown	esophagus	SRR27477627						PRJNA1063201	SRP482838	SRX23149096	SAMN39328776	SRS20099730						Illumina NovaSeq 6000	PAIRED	RNA-Seq	TRANSCRIPTOMIC	12914602	2511340576	2024-01-11	2024-01-11									JK039		female			esophagus				SUB14144474	Illumina NovaSeq 6000 sequencing: RNA-Seq of Homo sapiens: esophagus	"=CONCATENATE(""211104_JULIAN_JULIAN_144_HUMAN_RNA_STRDPOLYA_20M_PE100_NOVASEQ_"", RIGHT(A38, 5))"	PolyA	Homo sapiens	2018-11-30	Shifts in Serum Bile Acid Profiles Associated with Barretts Esophagus and Stages of Progression to Esophageal Adenocarcinoma	JK039		ftp.sra.ebi.ac.uk/vol1/fastq/SRR274/027/SRR27477627/SRR27477627_1.fastq.gz;ftp.sra.ebi.ac.uk/vol1/fastq/SRR274/027/SRR27477627/SRR27477627_2.fastq.gz																																											
Tumor	no	no	no	no	unknown	esophagus	SRR27477628						PRJNA1063201	SRP482838	SRX23149095	SAMN39328775	SRS20099729						Illumina NovaSeq 6000	PAIRED	RNA-Seq	TRANSCRIPTOMIC	31627026	6314040271	2024-01-11	2024-01-11									JK037		female			esophagus				SUB14144474	Illumina NovaSeq 6000 sequencing: RNA-Seq of Homo sapiens: esophagus	"=CONCATENATE(""211104_JULIAN_JULIAN_144_HUMAN_RNA_STRDPOLYA_20M_PE100_NOVASEQ_"", RIGHT(A37, 5))"	PolyA	Homo sapiens	2018-11-01	Shifts in Serum Bile Acid Profiles Associated with Barretts Esophagus and Stages of Progression to Esophageal Adenocarcinoma	JK037		ftp.sra.ebi.ac.uk/vol1/fastq/SRR274/028/SRR27477628/SRR27477628_1.fastq.gz;ftp.sra.ebi.ac.uk/vol1/fastq/SRR274/028/SRR27477628/SRR27477628_2.fastq.gz																																											
Tumor	no	no	no	no	unknown	esophagus	SRR27477629						PRJNA1063201	SRP482838	SRX23149094	SAMN39328774	SRS20099728						Illumina NovaSeq 6000	PAIRED	RNA-Seq	TRANSCRIPTOMIC	21227345	4228985696	2024-01-11	2024-01-11									JK036		female			esophagus				SUB14144474	Illumina NovaSeq 6000 sequencing: RNA-Seq of Homo sapiens: esophagus	"=CONCATENATE(""211104_JULIAN_JULIAN_144_HUMAN_RNA_STRDPOLYA_20M_PE100_NOVASEQ_"", RIGHT(A36, 5))"	PolyA	Homo sapiens	2018-10-26	Shifts in Serum Bile Acid Profiles Associated with Barretts Esophagus and Stages of Progression to Esophageal Adenocarcinoma	JK036		ftp.sra.ebi.ac.uk/vol1/fastq/SRR274/029/SRR27477629/SRR27477629_1.fastq.gz;ftp.sra.ebi.ac.uk/vol1/fastq/SRR274/029/SRR27477629/SRR27477629_2.fastq.gz																																											
Tumor	no	no	no	no	unknown	esophagus	SRR27477630						PRJNA1063201	SRP482838	SRX23149093	SAMN39328773	SRS20099727						Illumina NovaSeq 6000	PAIRED	RNA-Seq	TRANSCRIPTOMIC	20337532	4047544603	2024-01-11	2024-01-11									JK035		female			esophagus				SUB14144474	Illumina NovaSeq 6000 sequencing: RNA-Seq of Homo sapiens: esophagus	"=CONCATENATE(""211104_JULIAN_JULIAN_144_HUMAN_RNA_STRDPOLYA_20M_PE100_NOVASEQ_"", RIGHT(A35, 5))"	PolyA	Homo sapiens	2018-11-12	Shifts in Serum Bile Acid Profiles Associated with Barretts Esophagus and Stages of Progression to Esophageal Adenocarcinoma	JK035		ftp.sra.ebi.ac.uk/vol1/fastq/SRR274/030/SRR27477630/SRR27477630_1.fastq.gz;ftp.sra.ebi.ac.uk/vol1/fastq/SRR274/030/SRR27477630/SRR27477630_2.fastq.gz																																											
Tumor	no	no	no	no	unknown	esophagus	SRR27477631						PRJNA1063201	SRP482838	SRX23149092	SAMN39328830	SRS20099726						Illumina NovaSeq 6000	PAIRED	RNA-Seq	TRANSCRIPTOMIC	18308288	3650071826	2024-01-11	2024-01-11									JK102		male			esophagus				SUB14144474	Illumina NovaSeq 6000 sequencing: RNA-Seq of Homo sapiens: esophagus	"=CONCATENATE(""211104_JULIAN_JULIAN_144_HUMAN_RNA_STRDPOLYA_20M_PE100_NOVASEQ_"", RIGHT(A92, 5))"	PolyA	Homo sapiens	2018-04-11	Shifts in Serum Bile Acid Profiles Associated with Barretts Esophagus and Stages of Progression to Esophageal Adenocarcinoma	JK102		ftp.sra.ebi.ac.uk/vol1/fastq/SRR274/031/SRR27477631/SRR27477631_1.fastq.gz;ftp.sra.ebi.ac.uk/vol1/fastq/SRR274/031/SRR27477631/SRR27477631_2.fastq.gz																																											
Tumor	no	no	no	no	unknown	esophagus	SRR27477632						PRJNA1063201	SRP482838	SRX23149091	SAMN39328749	SRS20099725						Illumina NovaSeq 6000	PAIRED	RNA-Seq	TRANSCRIPTOMIC	20019351	4002250784	2024-01-11	2024-01-11									JK010		male			esophagus				SUB14144474	Illumina NovaSeq 6000 sequencing: RNA-Seq of Homo sapiens: esophagus	"=CONCATENATE(""211104_JULIAN_JULIAN_144_HUMAN_RNA_STRDPOLYA_20M_PE100_NOVASEQ_"", RIGHT(A11, 5))"	PolyA	Homo sapiens	2018-06-12	Shifts in Serum Bile Acid Profiles Associated with Barretts Esophagus and Stages of Progression to Esophageal Adenocarcinoma	JK010		ftp.sra.ebi.ac.uk/vol1/fastq/SRR274/032/SRR27477632/SRR27477632_1.fastq.gz;ftp.sra.ebi.ac.uk/vol1/fastq/SRR274/032/SRR27477632/SRR27477632_2.fastq.gz																																											
Tumor	no	no	no	no	unknown	esophagus	SRR27477633						PRJNA1063201	SRP482838	SRX23149090	SAMN39328829	SRS20099724						Illumina NovaSeq 6000	PAIRED	RNA-Seq	TRANSCRIPTOMIC	26306671	5238251715	2024-01-11	2024-01-11									JK101		male			esophagus				SUB14144474	Illumina NovaSeq 6000 sequencing: RNA-Seq of Homo sapiens: esophagus	"=CONCATENATE(""211104_JULIAN_JULIAN_144_HUMAN_RNA_STRDPOLYA_20M_PE100_NOVASEQ_"", RIGHT(A91, 5))"	PolyA	Homo sapiens	2018-03-28	Shifts in Serum Bile Acid Profiles Associated with Barretts Esophagus and Stages of Progression to Esophageal Adenocarcinoma	JK101		ftp.sra.ebi.ac.uk/vol1/fastq/SRR274/033/SRR27477633/SRR27477633_1.fastq.gz;ftp.sra.ebi.ac.uk/vol1/fastq/SRR274/033/SRR27477633/SRR27477633_2.fastq.gz																																											
Tumor	no	no	no	no	unknown	esophagus	SRR27477634						PRJNA1063201	SRP482838	SRX23149089	SAMN39328828	SRS20099723						Illumina NovaSeq 6000	PAIRED	RNA-Seq	TRANSCRIPTOMIC	19128389	3804589545	2024-01-11	2024-01-11									JK099		male			esophagus				SUB14144474	Illumina NovaSeq 6000 sequencing: RNA-Seq of Homo sapiens: esophagus	"=CONCATENATE(""211104_JULIAN_JULIAN_144_HUMAN_RNA_STRDPOLYA_20M_PE100_NOVASEQ_"", RIGHT(A90, 5))"	PolyA	Homo sapiens	2021-04-01	Shifts in Serum Bile Acid Profiles Associated with Barretts Esophagus and Stages of Progression to Esophageal Adenocarcinoma	JK099		ftp.sra.ebi.ac.uk/vol1/fastq/SRR274/034/SRR27477634/SRR27477634_1.fastq.gz;ftp.sra.ebi.ac.uk/vol1/fastq/SRR274/034/SRR27477634/SRR27477634_2.fastq.gz																																											
Tumor	no	no	no	no	unknown	esophagus	SRR27477635						PRJNA1063201	SRP482838	SRX23149088	SAMN39328827	SRS20099722						Illumina NovaSeq 6000	PAIRED	RNA-Seq	TRANSCRIPTOMIC	24858680	4966028091	2024-01-11	2024-01-11									JK098		female			esophagus				SUB14144474	Illumina NovaSeq 6000 sequencing: RNA-Seq of Homo sapiens: esophagus	"=CONCATENATE(""211104_JULIAN_JULIAN_144_HUMAN_RNA_STRDPOLYA_20M_PE100_NOVASEQ_"", RIGHT(A89, 5))"	PolyA	Homo sapiens	2021-03-16	Shifts in Serum Bile Acid Profiles Associated with Barretts Esophagus and Stages of Progression to Esophageal Adenocarcinoma	JK098		ftp.sra.ebi.ac.uk/vol1/fastq/SRR274/035/SRR27477635/SRR27477635_1.fastq.gz;ftp.sra.ebi.ac.uk/vol1/fastq/SRR274/035/SRR27477635/SRR27477635_2.fastq.gz																																											
Tumor	no	no	no	no	unknown	esophagus	SRR27477636						PRJNA1063201	SRP482838	SRX23149087	SAMN39328826	SRS20099721						Illumina NovaSeq 6000	PAIRED	RNA-Seq	TRANSCRIPTOMIC	24040922	4804723017	2024-01-11	2024-01-11									JK096		male			esophagus				SUB14144474	Illumina NovaSeq 6000 sequencing: RNA-Seq of Homo sapiens: esophagus	"=CONCATENATE(""211104_JULIAN_JULIAN_144_HUMAN_RNA_STRDPOLYA_20M_PE100_NOVASEQ_"", RIGHT(A88, 5))"	PolyA	Homo sapiens	2021-03-10	Shifts in Serum Bile Acid Profiles Associated with Barretts Esophagus and Stages of Progression to Esophageal Adenocarcinoma	JK096		ftp.sra.ebi.ac.uk/vol1/fastq/SRR274/036/SRR27477636/SRR27477636_1.fastq.gz;ftp.sra.ebi.ac.uk/vol1/fastq/SRR274/036/SRR27477636/SRR27477636_2.fastq.gz																																											
Tumor	no	no	no	no	unknown	esophagus	SRR27477637						PRJNA1063201	SRP482838	SRX23149086	SAMN39328825	SRS20099720						Illumina NovaSeq 6000	PAIRED	RNA-Seq	TRANSCRIPTOMIC	20011710	4000641780	2024-01-11	2024-01-11									JK095		male			esophagus				SUB14144474	Illumina NovaSeq 6000 sequencing: RNA-Seq of Homo sapiens: esophagus	"=CONCATENATE(""211104_JULIAN_JULIAN_144_HUMAN_RNA_STRDPOLYA_20M_PE100_NOVASEQ_"", RIGHT(A87, 5))"	PolyA	Homo sapiens	2021-01-25	Shifts in Serum Bile Acid Profiles Associated with Barretts Esophagus and Stages of Progression to Esophageal Adenocarcinoma	JK095		ftp.sra.ebi.ac.uk/vol1/fastq/SRR274/037/SRR27477637/SRR27477637_1.fastq.gz;ftp.sra.ebi.ac.uk/vol1/fastq/SRR274/037/SRR27477637/SRR27477637_2.fastq.gz																																											
Tumor	no	no	no	no	unknown	esophagus	SRR27477638						PRJNA1063201	SRP482838	SRX23149085	SAMN39328824	SRS20099719						Illumina NovaSeq 6000	PAIRED	RNA-Seq	TRANSCRIPTOMIC	22659659	4530254771	2024-01-11	2024-01-11									JK093		male			esophagus				SUB14144474	Illumina NovaSeq 6000 sequencing: RNA-Seq of Homo sapiens: esophagus	"=CONCATENATE(""211104_JULIAN_JULIAN_144_HUMAN_RNA_STRDPOLYA_20M_PE100_NOVASEQ_"", RIGHT(A86, 5))"	PolyA	Homo sapiens	2020-10-13	Shifts in Serum Bile Acid Profiles Associated with Barretts Esophagus and Stages of Progression to Esophageal Adenocarcinoma	JK093		ftp.sra.ebi.ac.uk/vol1/fastq/SRR274/038/SRR27477638/SRR27477638_1.fastq.gz;ftp.sra.ebi.ac.uk/vol1/fastq/SRR274/038/SRR27477638/SRR27477638_2.fastq.gz																																											
Tumor	no	no	no	no	unknown	esophagus	SRR27477639						PRJNA1063201	SRP482838	SRX23149084	SAMN39328823	SRS20099718						Illumina NovaSeq 6000	PAIRED	RNA-Seq	TRANSCRIPTOMIC	17020420	3404070731	2024-01-11	2024-01-11									JK092		male			esophagus				SUB14144474	Illumina NovaSeq 6000 sequencing: RNA-Seq of Homo sapiens: esophagus	"=CONCATENATE(""211104_JULIAN_JULIAN_144_HUMAN_RNA_STRDPOLYA_20M_PE100_NOVASEQ_"", RIGHT(A85, 5))"	PolyA	Homo sapiens	2020-10-01	Shifts in Serum Bile Acid Profiles Associated with Barretts Esophagus and Stages of Progression to Esophageal Adenocarcinoma	JK092		ftp.sra.ebi.ac.uk/vol1/fastq/SRR274/039/SRR27477639/SRR27477639_1.fastq.gz;ftp.sra.ebi.ac.uk/vol1/fastq/SRR274/039/SRR27477639/SRR27477639_2.fastq.gz																																											
Tumor	no	no	no	no	unknown	esophagus	SRR27477640						PRJNA1063201	SRP482838	SRX23149083	SAMN39328822	SRS20099717						Illumina NovaSeq 6000	PAIRED	RNA-Seq	TRANSCRIPTOMIC	21930928	4383672677	2024-01-11	2024-01-11									JK091		male			esophagus				SUB14144474	Illumina NovaSeq 6000 sequencing: RNA-Seq of Homo sapiens: esophagus	"=CONCATENATE(""211104_JULIAN_JULIAN_144_HUMAN_RNA_STRDPOLYA_20M_PE100_NOVASEQ_"", RIGHT(A84, 5))"	PolyA	Homo sapiens	2020-09-24	Shifts in Serum Bile Acid Profiles Associated with Barretts Esophagus and Stages of Progression to Esophageal Adenocarcinoma	JK091		ftp.sra.ebi.ac.uk/vol1/fastq/SRR274/040/SRR27477640/SRR27477640_1.fastq.gz;ftp.sra.ebi.ac.uk/vol1/fastq/SRR274/040/SRR27477640/SRR27477640_2.fastq.gz																																											
Tumor	no	no	no	no	unknown	esophagus	SRR27477641						PRJNA1063201	SRP482838	SRX23149082	SAMN39328821	SRS20099715						Illumina NovaSeq 6000	PAIRED	RNA-Seq	TRANSCRIPTOMIC	20340132	4068180300	2024-01-11	2024-01-11									JK090		male			esophagus				SUB14144474	Illumina NovaSeq 6000 sequencing: RNA-Seq of Homo sapiens: esophagus	"=CONCATENATE(""211104_JULIAN_JULIAN_144_HUMAN_RNA_STRDPOLYA_20M_PE100_NOVASEQ_"", RIGHT(A83, 5))"	PolyA	Homo sapiens	2020-09-11	Shifts in Serum Bile Acid Profiles Associated with Barretts Esophagus and Stages of Progression to Esophageal Adenocarcinoma	JK090		ftp.sra.ebi.ac.uk/vol1/fastq/SRR274/041/SRR27477641/SRR27477641_1.fastq.gz;ftp.sra.ebi.ac.uk/vol1/fastq/SRR274/041/SRR27477641/SRR27477641_2.fastq.gz																																											
Tumor	no	no	no	no	unknown	esophagus	SRR27477642						PRJNA1063201	SRP482838	SRX23149081	SAMN39328820	SRS20099716						Illumina NovaSeq 6000	PAIRED	RNA-Seq	TRANSCRIPTOMIC	21425362	4282450802	2024-01-11	2024-01-11									JK089		female			esophagus				SUB14144474	Illumina NovaSeq 6000 sequencing: RNA-Seq of Homo sapiens: esophagus	"=CONCATENATE(""211104_JULIAN_JULIAN_144_HUMAN_RNA_STRDPOLYA_20M_PE100_NOVASEQ_"", RIGHT(A82, 5))"	PolyA	Homo sapiens	2020-09-02	Shifts in Serum Bile Acid Profiles Associated with Barretts Esophagus and Stages of Progression to Esophageal Adenocarcinoma	JK089		ftp.sra.ebi.ac.uk/vol1/fastq/SRR274/042/SRR27477642/SRR27477642_1.fastq.gz;ftp.sra.ebi.ac.uk/vol1/fastq/SRR274/042/SRR27477642/SRR27477642_2.fastq.gz																																											
Tumor	no	no	no	no	unknown	esophagus	SRR27477643						PRJNA1063201	SRP482838	SRX23149080	SAMN39328748	SRS20099714						Illumina NovaSeq 6000	PAIRED	RNA-Seq	TRANSCRIPTOMIC	15491849	3092979216	2024-01-11	2024-01-11									JK009		male			esophagus				SUB14144474	Illumina NovaSeq 6000 sequencing: RNA-Seq of Homo sapiens: esophagus	"=CONCATENATE(""211104_JULIAN_JULIAN_144_HUMAN_RNA_STRDPOLYA_20M_PE100_NOVASEQ_"", RIGHT(A10, 5))"	PolyA	Homo sapiens	2018-06-06	Shifts in Serum Bile Acid Profiles Associated with Barretts Esophagus and Stages of Progression to Esophageal Adenocarcinoma	JK009		ftp.sra.ebi.ac.uk/vol1/fastq/SRR274/043/SRR27477643/SRR27477643_1.fastq.gz;ftp.sra.ebi.ac.uk/vol1/fastq/SRR274/043/SRR27477643/SRR27477643_2.fastq.gz																																											
Tumor	no	no	no	no	unknown	esophagus	SRR27477644						PRJNA1063201	SRP482838	SRX23149079	SAMN39328819	SRS20099712						Illumina NovaSeq 6000	PAIRED	RNA-Seq	TRANSCRIPTOMIC	23750300	4741242344	2024-01-11	2024-01-11									JK088		female			esophagus				SUB14144474	Illumina NovaSeq 6000 sequencing: RNA-Seq of Homo sapiens: esophagus	"=CONCATENATE(""211104_JULIAN_JULIAN_144_HUMAN_RNA_STRDPOLYA_20M_PE100_NOVASEQ_"", RIGHT(A81, 5))"	PolyA	Homo sapiens	2020-08-19	Shifts in Serum Bile Acid Profiles Associated with Barretts Esophagus and Stages of Progression to Esophageal Adenocarcinoma	JK088		ftp.sra.ebi.ac.uk/vol1/fastq/SRR274/044/SRR27477644/SRR27477644_1.fastq.gz;ftp.sra.ebi.ac.uk/vol1/fastq/SRR274/044/SRR27477644/SRR27477644_2.fastq.gz																																											
Tumor	no	no	no	no	unknown	esophagus	SRR27477645						PRJNA1063201	SRP482838	SRX23149078	SAMN39328818	SRS20099713						Illumina NovaSeq 6000	PAIRED	RNA-Seq	TRANSCRIPTOMIC	2606915	520134618	2024-01-11	2024-01-11									JK087		male			esophagus				SUB14144474	Illumina NovaSeq 6000 sequencing: RNA-Seq of Homo sapiens: esophagus	"=CONCATENATE(""211104_JULIAN_JULIAN_144_HUMAN_RNA_STRDPOLYA_20M_PE100_NOVASEQ_"", RIGHT(A80, 5))"	PolyA	Homo sapiens	2020-07-20	Shifts in Serum Bile Acid Profiles Associated with Barretts Esophagus and Stages of Progression to Esophageal Adenocarcinoma	JK087		ftp.sra.ebi.ac.uk/vol1/fastq/SRR274/045/SRR27477645/SRR27477645_1.fastq.gz;ftp.sra.ebi.ac.uk/vol1/fastq/SRR274/045/SRR27477645/SRR27477645_2.fastq.gz																																											
Tumor	no	no	no	no	unknown	esophagus	SRR27477646						PRJNA1063201	SRP482838	SRX23149077	SAMN39328817	SRS20099711						Illumina NovaSeq 6000	PAIRED	RNA-Seq	TRANSCRIPTOMIC	16758923	3348437310	2024-01-11	2024-01-11									JK086		male			esophagus				SUB14144474	Illumina NovaSeq 6000 sequencing: RNA-Seq of Homo sapiens: esophagus	"=CONCATENATE(""211104_JULIAN_JULIAN_144_HUMAN_RNA_STRDPOLYA_20M_PE100_NOVASEQ_"", RIGHT(A79, 5))"	PolyA	Homo sapiens	2020-07-15	Shifts in Serum Bile Acid Profiles Associated with Barretts Esophagus and Stages of Progression to Esophageal Adenocarcinoma	JK086		ftp.sra.ebi.ac.uk/vol1/fastq/SRR274/046/SRR27477646/SRR27477646_1.fastq.gz;ftp.sra.ebi.ac.uk/vol1/fastq/SRR274/046/SRR27477646/SRR27477646_2.fastq.gz																																											
Tumor	no	no	no	no	unknown	esophagus	SRR27477647						PRJNA1063201	SRP482838	SRX23149076	SAMN39328758	SRS20099710						Illumina NovaSeq 6000	PAIRED	RNA-Seq	TRANSCRIPTOMIC	22302430	4455793476	2024-01-11	2024-01-11									JK019		female			esophagus				SUB14144474	Illumina NovaSeq 6000 sequencing: RNA-Seq of Homo sapiens: esophagus	"=CONCATENATE(""211104_JULIAN_JULIAN_144_HUMAN_RNA_STRDPOLYA_20M_PE100_NOVASEQ_"", RIGHT(A20, 5))"	PolyA	Homo sapiens	2018-08-16	Shifts in Serum Bile Acid Profiles Associated with Barretts Esophagus and Stages of Progression to Esophageal Adenocarcinoma	JK019		ftp.sra.ebi.ac.uk/vol1/fastq/SRR274/047/SRR27477647/SRR27477647_1.fastq.gz;ftp.sra.ebi.ac.uk/vol1/fastq/SRR274/047/SRR27477647/SRR27477647_2.fastq.gz																																											
Tumor	no	no	no	no	unknown	esophagus	SRR27477648						PRJNA1063201	SRP482838	SRX23149075	SAMN39328757	SRS20099709						Illumina NovaSeq 6000	PAIRED	RNA-Seq	TRANSCRIPTOMIC	23573067	4707766541	2024-01-11	2024-01-11									JK018		male			esophagus				SUB14144474	Illumina NovaSeq 6000 sequencing: RNA-Seq of Homo sapiens: esophagus	"=CONCATENATE(""211104_JULIAN_JULIAN_144_HUMAN_RNA_STRDPOLYA_20M_PE100_NOVASEQ_"", RIGHT(A19, 5))"	PolyA	Homo sapiens	2018-08-14	Shifts in Serum Bile Acid Profiles Associated with Barretts Esophagus and Stages of Progression to Esophageal Adenocarcinoma	JK018		ftp.sra.ebi.ac.uk/vol1/fastq/SRR274/048/SRR27477648/SRR27477648_1.fastq.gz;ftp.sra.ebi.ac.uk/vol1/fastq/SRR274/048/SRR27477648/SRR27477648_2.fastq.gz																																											
Tumor	no	no	no	no	unknown	esophagus	SRR27477649						PRJNA1063201	SRP482838	SRX23149074	SAMN39328756	SRS20099708						Illumina NovaSeq 6000	PAIRED	RNA-Seq	TRANSCRIPTOMIC	19990982	3990078701	2024-01-11	2024-01-11									JK017		male			esophagus				SUB14144474	Illumina NovaSeq 6000 sequencing: RNA-Seq of Homo sapiens: esophagus	"=CONCATENATE(""211104_JULIAN_JULIAN_144_HUMAN_RNA_STRDPOLYA_20M_PE100_NOVASEQ_"", RIGHT(A18, 5))"	PolyA	Homo sapiens	2018-07-10	Shifts in Serum Bile Acid Profiles Associated with Barretts Esophagus and Stages of Progression to Esophageal Adenocarcinoma	JK017		ftp.sra.ebi.ac.uk/vol1/fastq/SRR274/049/SRR27477649/SRR27477649_1.fastq.gz;ftp.sra.ebi.ac.uk/vol1/fastq/SRR274/049/SRR27477649/SRR27477649_2.fastq.gz																																											
Tumor	no	no	no	no	unknown	esophagus	SRR27477650						PRJNA1063201	SRP482838	SRX23149073	SAMN39328755	SRS20099707						Illumina NovaSeq 6000	PAIRED	RNA-Seq	TRANSCRIPTOMIC	25625657	5116105597	2024-01-11	2024-01-11									JK016		male			esophagus				SUB14144474	Illumina NovaSeq 6000 sequencing: RNA-Seq of Homo sapiens: esophagus	"=CONCATENATE(""211104_JULIAN_JULIAN_144_HUMAN_RNA_STRDPOLYA_20M_PE100_NOVASEQ_"", RIGHT(A17, 5))"	PolyA	Homo sapiens	2018-07-10	Shifts in Serum Bile Acid Profiles Associated with Barretts Esophagus and Stages of Progression to Esophageal Adenocarcinoma	JK016		ftp.sra.ebi.ac.uk/vol1/fastq/SRR274/050/SRR27477650/SRR27477650_1.fastq.gz;ftp.sra.ebi.ac.uk/vol1/fastq/SRR274/050/SRR27477650/SRR27477650_2.fastq.gz																																											
Tumor	no	no	no	no	unknown	esophagus	SRR27477651						PRJNA1063201	SRP482838	SRX23149072	SAMN39328754	SRS20099706						Illumina NovaSeq 6000	PAIRED	RNA-Seq	TRANSCRIPTOMIC	18954331	3784904525	2024-01-11	2024-01-11									JK015		female			esophagus				SUB14144474	Illumina NovaSeq 6000 sequencing: RNA-Seq of Homo sapiens: esophagus	"=CONCATENATE(""211104_JULIAN_JULIAN_144_HUMAN_RNA_STRDPOLYA_20M_PE100_NOVASEQ_"", RIGHT(A16, 5))"	PolyA	Homo sapiens	2018-07-09	Shifts in Serum Bile Acid Profiles Associated with Barretts Esophagus and Stages of Progression to Esophageal Adenocarcinoma	JK015		ftp.sra.ebi.ac.uk/vol1/fastq/SRR274/051/SRR27477651/SRR27477651_1.fastq.gz;ftp.sra.ebi.ac.uk/vol1/fastq/SRR274/051/SRR27477651/SRR27477651_2.fastq.gz																																											
Tumor	no	no	no	no	unknown	esophagus	SRR27477652						PRJNA1063201	SRP482838	SRX23149071	SAMN39328876	SRS20099705						Illumina NovaSeq 6000	PAIRED	RNA-Seq	TRANSCRIPTOMIC	23322733	4639892762	2024-01-11	2024-01-11									JK148		male			esophagus				SUB14144474	Illumina NovaSeq 6000 sequencing: RNA-Seq of Homo sapiens: esophagus	"=CONCATENATE(""211104_JULIAN_JULIAN_144_HUMAN_RNA_STRDPOLYA_20M_PE100_NOVASEQ_"", RIGHT(A138, 5))"	PolyA	Homo sapiens	2019-07-22	Shifts in Serum Bile Acid Profiles Associated with Barretts Esophagus and Stages of Progression to Esophageal Adenocarcinoma	JK148		ftp.sra.ebi.ac.uk/vol1/fastq/SRR274/052/SRR27477652/SRR27477652_1.fastq.gz;ftp.sra.ebi.ac.uk/vol1/fastq/SRR274/052/SRR27477652/SRR27477652_2.fastq.gz																																											
Tumor	no	no	no	no	unknown	esophagus	SRR27477653						PRJNA1063201	SRP482838	SRX23149070	SAMN39328875	SRS20099704						Illumina NovaSeq 6000	PAIRED	RNA-Seq	TRANSCRIPTOMIC	23033516	4569317017	2024-01-11	2024-01-11									JK147		male			esophagus				SUB14144474	Illumina NovaSeq 6000 sequencing: RNA-Seq of Homo sapiens: esophagus	"=CONCATENATE(""211104_JULIAN_JULIAN_144_HUMAN_RNA_STRDPOLYA_20M_PE100_NOVASEQ_"", RIGHT(A137, 5))"	PolyA	Homo sapiens	2020-01-21	Shifts in Serum Bile Acid Profiles Associated with Barretts Esophagus and Stages of Progression to Esophageal Adenocarcinoma	JK147		ftp.sra.ebi.ac.uk/vol1/fastq/SRR274/053/SRR27477653/SRR27477653_1.fastq.gz;ftp.sra.ebi.ac.uk/vol1/fastq/SRR274/053/SRR27477653/SRR27477653_2.fastq.gz																																											
Tumor	no	no	no	no	unknown	esophagus	SRR27477654						PRJNA1063201	SRP482838	SRX23149069	SAMN39328874	SRS20099703						Illumina NovaSeq 6000	PAIRED	RNA-Seq	TRANSCRIPTOMIC	23208307	4552219212	2024-01-11	2024-01-11									JK146		male			esophagus				SUB14144474	Illumina NovaSeq 6000 sequencing: RNA-Seq of Homo sapiens: esophagus	"=CONCATENATE(""211104_JULIAN_JULIAN_144_HUMAN_RNA_STRDPOLYA_20M_PE100_NOVASEQ_"", RIGHT(A136, 5))"	PolyA	Homo sapiens	2020-01-14	Shifts in Serum Bile Acid Profiles Associated with Barretts Esophagus and Stages of Progression to Esophageal Adenocarcinoma	JK146		ftp.sra.ebi.ac.uk/vol1/fastq/SRR274/054/SRR27477654/SRR27477654_1.fastq.gz;ftp.sra.ebi.ac.uk/vol1/fastq/SRR274/054/SRR27477654/SRR27477654_2.fastq.gz																																											
Tumor	no	no	no	no	unknown	esophagus	SRR27477655						PRJNA1063201	SRP482838	SRX23149068	SAMN39328873	SRS20099702						Illumina NovaSeq 6000	PAIRED	RNA-Seq	TRANSCRIPTOMIC	25402381	5021773573	2024-01-11	2024-01-11									JK145		male			esophagus				SUB14144474	Illumina NovaSeq 6000 sequencing: RNA-Seq of Homo sapiens: esophagus	"=CONCATENATE(""211104_JULIAN_JULIAN_144_HUMAN_RNA_STRDPOLYA_20M_PE100_NOVASEQ_"", RIGHT(A135, 5))"	PolyA	Homo sapiens	2019-06-11	Shifts in Serum Bile Acid Profiles Associated with Barretts Esophagus and Stages of Progression to Esophageal Adenocarcinoma	JK145		ftp.sra.ebi.ac.uk/vol1/fastq/SRR274/055/SRR27477655/SRR27477655_1.fastq.gz;ftp.sra.ebi.ac.uk/vol1/fastq/SRR274/055/SRR27477655/SRR27477655_2.fastq.gz																																											
Tumor	no	no	no	no	unknown	esophagus	SRR27477656						PRJNA1063201	SRP482838	SRX23149067	SAMN39328872	SRS20099700						Illumina NovaSeq 6000	PAIRED	RNA-Seq	TRANSCRIPTOMIC	22977428	4573252073	2024-01-11	2024-01-11									JK144		male			esophagus				SUB14144474	Illumina NovaSeq 6000 sequencing: RNA-Seq of Homo sapiens: esophagus	"=CONCATENATE(""211104_JULIAN_JULIAN_144_HUMAN_RNA_STRDPOLYA_20M_PE100_NOVASEQ_"", RIGHT(A134, 5))"	PolyA	Homo sapiens	2019-05-14	Shifts in Serum Bile Acid Profiles Associated with Barretts Esophagus and Stages of Progression to Esophageal Adenocarcinoma	JK144		ftp.sra.ebi.ac.uk/vol1/fastq/SRR274/056/SRR27477656/SRR27477656_1.fastq.gz;ftp.sra.ebi.ac.uk/vol1/fastq/SRR274/056/SRR27477656/SRR27477656_2.fastq.gz																																											
Tumor	no	no	no	no	unknown	esophagus	SRR27477657						PRJNA1063201	SRP482838	SRX23149066	SAMN39328871	SRS20099701						Illumina NovaSeq 6000	PAIRED	RNA-Seq	TRANSCRIPTOMIC	18134616	3589257823	2024-01-11	2024-01-11									JK143		female			esophagus				SUB14144474	Illumina NovaSeq 6000 sequencing: RNA-Seq of Homo sapiens: esophagus	"=CONCATENATE(""211104_JULIAN_JULIAN_144_HUMAN_RNA_STRDPOLYA_20M_PE100_NOVASEQ_"", RIGHT(A133, 5))"	PolyA	Homo sapiens	2019-04-23	Shifts in Serum Bile Acid Profiles Associated with Barretts Esophagus and Stages of Progression to Esophageal Adenocarcinoma	JK143		ftp.sra.ebi.ac.uk/vol1/fastq/SRR274/057/SRR27477657/SRR27477657_1.fastq.gz;ftp.sra.ebi.ac.uk/vol1/fastq/SRR274/057/SRR27477657/SRR27477657_2.fastq.gz																																											
Tumor	no	no	no	no	unknown	esophagus	SRR27477658						PRJNA1063201	SRP482838	SRX23149065	SAMN39328870	SRS20099699						Illumina NovaSeq 6000	PAIRED	RNA-Seq	TRANSCRIPTOMIC	21319838	4243408786	2024-01-11	2024-01-11									JK142		male			esophagus				SUB14144474	Illumina NovaSeq 6000 sequencing: RNA-Seq of Homo sapiens: esophagus	"=CONCATENATE(""211104_JULIAN_JULIAN_144_HUMAN_RNA_STRDPOLYA_20M_PE100_NOVASEQ_"", RIGHT(A132, 5))"	PolyA	Homo sapiens	2019-03-12	Shifts in Serum Bile Acid Profiles Associated with Barretts Esophagus and Stages of Progression to Esophageal Adenocarcinoma	JK142		ftp.sra.ebi.ac.uk/vol1/fastq/SRR274/058/SRR27477658/SRR27477658_1.fastq.gz;ftp.sra.ebi.ac.uk/vol1/fastq/SRR274/058/SRR27477658/SRR27477658_2.fastq.gz																																											
Tumor	no	no	no	no	unknown	esophagus	SRR27477659						PRJNA1063201	SRP482838	SRX23149064	SAMN39328753	SRS20099698						Illumina NovaSeq 6000	PAIRED	RNA-Seq	TRANSCRIPTOMIC	27666139	5527314491	2024-01-11	2024-01-11									JK014		male			esophagus				SUB14144474	Illumina NovaSeq 6000 sequencing: RNA-Seq of Homo sapiens: esophagus	"=CONCATENATE(""211104_JULIAN_JULIAN_144_HUMAN_RNA_STRDPOLYA_20M_PE100_NOVASEQ_"", RIGHT(A15, 5))"	PolyA	Homo sapiens	2018-07-06	Shifts in Serum Bile Acid Profiles Associated with Barretts Esophagus and Stages of Progression to Esophageal Adenocarcinoma	JK014		ftp.sra.ebi.ac.uk/vol1/fastq/SRR274/059/SRR27477659/SRR27477659_1.fastq.gz;ftp.sra.ebi.ac.uk/vol1/fastq/SRR274/059/SRR27477659/SRR27477659_2.fastq.gz																																											
Tumor	no	no	no	no	unknown	esophagus	SRR27477660						PRJNA1063201	SRP482838	SRX23149063	SAMN39328869	SRS20099697						Illumina NovaSeq 6000	PAIRED	RNA-Seq	TRANSCRIPTOMIC	30219357	6015640750	2024-01-11	2024-01-11									JK141		male			esophagus				SUB14144474	Illumina NovaSeq 6000 sequencing: RNA-Seq of Homo sapiens: esophagus	"=CONCATENATE(""211104_JULIAN_JULIAN_144_HUMAN_RNA_STRDPOLYA_20M_PE100_NOVASEQ_"", RIGHT(A131, 5))"	PolyA	Homo sapiens	2019-02-26	Shifts in Serum Bile Acid Profiles Associated with Barretts Esophagus and Stages of Progression to Esophageal Adenocarcinoma	JK141		ftp.sra.ebi.ac.uk/vol1/fastq/SRR274/060/SRR27477660/SRR27477660_1.fastq.gz;ftp.sra.ebi.ac.uk/vol1/fastq/SRR274/060/SRR27477660/SRR27477660_2.fastq.gz																																											
Tumor	no	no	no	no	unknown	esophagus	SRR27477661						PRJNA1063201	SRP482838	SRX23149062	SAMN39328868	SRS20099696						Illumina NovaSeq 6000	PAIRED	RNA-Seq	TRANSCRIPTOMIC	25806651	5116427615	2024-01-11	2024-01-11									JK140		female			esophagus				SUB14144474	Illumina NovaSeq 6000 sequencing: RNA-Seq of Homo sapiens: esophagus	"=CONCATENATE(""211104_JULIAN_JULIAN_144_HUMAN_RNA_STRDPOLYA_20M_PE100_NOVASEQ_"", RIGHT(A130, 5))"	PolyA	Homo sapiens	2019-01-29	Shifts in Serum Bile Acid Profiles Associated with Barretts Esophagus and Stages of Progression to Esophageal Adenocarcinoma	JK140		ftp.sra.ebi.ac.uk/vol1/fastq/SRR274/061/SRR27477661/SRR27477661_1.fastq.gz;ftp.sra.ebi.ac.uk/vol1/fastq/SRR274/061/SRR27477661/SRR27477661_2.fastq.gz																																											
Tumor	no	no	no	no	unknown	esophagus	SRR27477662						PRJNA1063201	SRP482838	SRX23149061	SAMN39328867	SRS20099695						Illumina NovaSeq 6000	PAIRED	RNA-Seq	TRANSCRIPTOMIC	26650035	5304894961	2024-01-11	2024-01-11									JK139		female			esophagus				SUB14144474	Illumina NovaSeq 6000 sequencing: RNA-Seq of Homo sapiens: esophagus	"=CONCATENATE(""211104_JULIAN_JULIAN_144_HUMAN_RNA_STRDPOLYA_20M_PE100_NOVASEQ_"", RIGHT(A129, 5))"	PolyA	Homo sapiens	2018-12-18	Shifts in Serum Bile Acid Profiles Associated with Barretts Esophagus and Stages of Progression to Esophageal Adenocarcinoma	JK139		ftp.sra.ebi.ac.uk/vol1/fastq/SRR274/062/SRR27477662/SRR27477662_1.fastq.gz;ftp.sra.ebi.ac.uk/vol1/fastq/SRR274/062/SRR27477662/SRR27477662_2.fastq.gz																																											
Tumor	no	no	no	no	unknown	esophagus	SRR27477663						PRJNA1063201	SRP482838	SRX23149060	SAMN39328839	SRS20099694						Illumina NovaSeq 6000	PAIRED	RNA-Seq	TRANSCRIPTOMIC	22111687	4367879416	2024-01-11	2024-01-11									JK111		male			esophagus				SUB14144474	Illumina NovaSeq 6000 sequencing: RNA-Seq of Homo sapiens: esophagus	"=CONCATENATE(""211104_JULIAN_JULIAN_144_HUMAN_RNA_STRDPOLYA_20M_PE100_NOVASEQ_"", RIGHT(A101, 5))"	PolyA	Homo sapiens	2018-10-10	Shifts in Serum Bile Acid Profiles Associated with Barretts Esophagus and Stages of Progression to Esophageal Adenocarcinoma	JK111		ftp.sra.ebi.ac.uk/vol1/fastq/SRR274/063/SRR27477663/SRR27477663_1.fastq.gz;ftp.sra.ebi.ac.uk/vol1/fastq/SRR274/063/SRR27477663/SRR27477663_2.fastq.gz																																											
Tumor	no	no	no	no	unknown	esophagus	SRR3880241						PRJNA343146	SRP091431	SRX1936486	SAMN05861197	SRS1743920						Illumina HiSeq 2000	PAIRED	RNA-Seq	TRANSCRIPTOMIC	0	0	2016-11-02	2016-11-02											male								Illumina HiSeq 2000 sequencing: Simul-seq:LCM tumor RNA	Sim_LCM_RNA	RANDOM	Homo sapiens		Comprehensive Genome and Transcriptome Profiling Using Simultaneous DNA and RNA Sequencing (Simul-seq)	Esophageal Neoplasms tumor RNA sample from Esophagus of a human male participant in the dbGaP study DNA and RNA Profiling Using Simultaneous Sequencing (Simul-seq)	Protected file(s). Go to dbGap																																												
